{"acc_arr": [0.22788203753351208, 0.23324396782841822, 0.2359249329758713, 0.23324396782841822, 0.23324396782841822, 0.2386058981233244, 0.24128686327077747, 0.2386058981233244, 0.24396782841823056, 0.24664879356568364, 0.24664879356568364, 0.24664879356568364, 0.24932975871313673, 0.24932975871313673, 0.2520107238605898, 0.2520107238605898, 0.24664879356568364, 0.24664879356568364, 0.24664879356568364, 0.24664879356568364, 0.24664879356568364, 0.24128686327077747, 0.24396782841823056, 0.24396782841823056, 0.24128686327077747, 0.24396782841823056, 0.24128686327077747, 0.24128686327077747, 0.24128686327077747, 0.24396782841823056, 0.24396782841823056, 0.24664879356568364, 0.24396782841823056, 0.24396782841823056, 0.24396782841823056, 0.24396782841823056, 0.24128686327077747, 0.24128686327077747, 0.24396782841823056, 0.24396782841823056, 0.24128686327077747, 0.2386058981233244, 0.24128686327077747, 0.24128686327077747, 0.2386058981233244, 0.2386058981233244, 0.2386058981233244, 0.24128686327077747, 0.24128686327077747, 0.2386058981233244, 0.2359249329758713, 0.2359249329758713, 0.2359249329758713, 0.2386058981233244, 0.2386058981233244, 0.2386058981233244, 0.2386058981233244, 0.2386058981233244, 0.2386058981233244, 0.2386058981233244, 0.24128686327077747, 0.24128686327077747, 0.24128686327077747, 0.24128686327077747, 0.24128686327077747, 0.24128686327077747, 0.24128686327077747, 0.24128686327077747, 0.24128686327077747, 0.24128686327077747, 0.24128686327077747, 0.24128686327077747, 0.24128686327077747, 0.24128686327077747, 0.24128686327077747, 0.24128686327077747, 0.24128686327077747, 0.24128686327077747, 0.24396782841823056, 0.24396782841823056, 0.24396782841823056, 0.24664879356568364, 0.24396782841823056, 0.24396782841823056, 0.24128686327077747, 0.24128686327077747, 0.24128686327077747, 0.24128686327077747, 0.24128686327077747, 0.24128686327077747, 0.24128686327077747, 0.24128686327077747, 0.24128686327077747, 0.24128686327077747, 0.24128686327077747, 0.24128686327077747, 0.24128686327077747, 0.24128686327077747, 0.24128686327077747, 0.24128686327077747], "cos_arr": [0.5134275555610657, 0.515741229057312, 0.5201237797737122, 0.519408106803894, 0.5191192030906677, 0.5231574177742004, 0.5252457857131958, 0.5239832401275635, 0.5266482830047607, 0.5286418199539185, 0.5282469987869263, 0.5286644697189331, 0.5309316515922546, 0.5306031703948975, 0.5321983098983765, 0.5322397351264954, 0.528618335723877, 0.5283627510070801, 0.528451681137085, 0.5288865566253662, 0.5288861393928528, 0.5263704061508179, 0.5289615988731384, 0.529633104801178, 0.5277512073516846, 0.5283751487731934, 0.5276389718055725, 0.5293653011322021, 0.528986394405365, 0.530732274055481, 0.5303868651390076, 0.5333703756332397, 0.5299911499023438, 0.5302602648735046, 0.5310121774673462, 0.530465841293335, 0.5293998122215271, 0.5288377404212952, 0.5310670137405396, 0.5304799675941467, 0.5287347435951233, 0.5271153450012207, 0.5293480157852173, 0.5292534828186035, 0.5279083847999573, 0.5277817845344543, 0.5276648998260498, 0.5292502045631409, 0.5290355682373047, 0.5270993113517761, 0.5247159004211426, 0.5247967839241028, 0.5246837139129639, 0.5256426930427551, 0.5255165696144104, 0.5255023837089539, 0.5256578326225281, 0.5255971550941467, 0.5257092714309692, 0.5257299542427063, 0.5268910527229309, 0.5268667340278625, 0.5264893770217896, 0.526512861251831, 0.5267534255981445, 0.5266357660293579, 0.5269519090652466, 0.5267328023910522, 0.5266788601875305, 0.526678740978241, 0.5262073874473572, 0.5262071490287781, 0.5262102484703064, 0.526364803314209, 0.5264838337898254, 0.5265381932258606, 0.5265318751335144, 0.5264356136322021, 0.5278372764587402, 0.5277903079986572, 0.5278577208518982, 0.5298133492469788, 0.5284107327461243, 0.5284857749938965, 0.5265957117080688, 0.5269928574562073, 0.5268204808235168, 0.5268436670303345, 0.5268101692199707, 0.5268790125846863, 0.526699423789978, 0.5264463424682617, 0.526546835899353, 0.5265774726867676, 0.5262532830238342, 0.526134192943573, 0.5261340737342834, 0.5263628959655762, 0.5266627669334412, 0.5266627669334412]}